session_id,user_id,login_time,logout_time,duration_minutes,pages_accessed,data_transferred_mb,session_status
SESSION000001,USER8826,2024-01-01 01:44:07,2024-01-01 02:05:07,21,13,2.1,FORCED_LOGOUT
SESSION000002,USER2160,2024-01-01 03:25:26,2024-01-01 03:59:26,34,14,14.76,COMPLETED
SESSION000003,USER4751,2024-01-01 05:12:56,2024-01-01 05:45:56,33,16,4.26,COMPLETED
SESSION000004,USER7276,2024-01-01 06:33:55,2024-01-01 07:57:55,84,20,13.66,TIMEOUT
SESSION000005,USER2463,2024-01-01 10:29:45,2024-01-01 11:51:45,82,19,9.21,FORCED_LOGOUT
SESSION000006,USER2678,2024-01-01 14:17:13,2024-01-01 15:37:13,80,16,8.9,COMPLETED
SESSION000007,USER2690,2024-01-01 16:47:03,2024-01-01 16:47:03,0,15,15.41,COMPLETED
SESSION000008,USER6133,2024-01-01 18:33:07,2024-01-01 19:35:07,62,9,22.95,COMPLETED
SESSION000009,USER7022,2024-01-01 18:38:25,2024-01-01 19:41:25,63,22,27.78,COMPLETED
SESSION000010,USER5902,2024-01-01 20:31:18,2024-01-01 21:22:18,51,14,15.25,COMPLETED
SESSION000011,USER3246,2024-01-01 21:00:30,2024-01-01 22:03:30,63,10,9.71,COMPLETED
SESSION000012,USER7270,2024-01-01 21:05:58,2024-01-01 22:28:58,83,10,9.8,TIMEOUT
SESSION000013,USER3181,2024-01-01 21:41:27,2024-01-01 22:09:27,28,13,17.88,COMPLETED
SESSION000014,USER3340,2024-01-01 22:47:50,2024-01-01 23:18:50,31,15,4.09,COMPLETED
SESSION000015,USER2120,2024-01-02 00:41:59,2024-01-02 00:46:59,5,9,4.96,COMPLETED
SESSION000016,USER9691,2024-01-02 03:52:11,2024-01-02 04:13:11,21,10,1.59,COMPLETED
SESSION000017,USER1138,2024-01-02 04:08:12,2024-01-02 04:54:12,46,15,18.82,COMPLETED
SESSION000018,USER3688,2024-01-02 04:36:37,2024-01-02 05:44:37,68,12,24.87,COMPLETED
SESSION000019,USER8210,2024-01-02 05:40:31,2024-01-02 05:51:31,11,13,15.34,COMPLETED
SESSION000020,USER6753,2024-01-02 05:50:16,2024-01-02 05:56:16,6,17,1.94,COMPLETED
SESSION000021,USER4490,2024-01-02 11:52:28,2024-01-02 12:40:28,48,15,13.51,FORCED_LOGOUT
SESSION000022,USER3480,2024-01-02 17:12:46,2024-01-02 17:12:46,0,12,6.85,COMPLETED
SESSION000023,USER7745,2024-01-02 17:35:00,2024-01-02 17:43:00,8,15,11.75,COMPLETED
SESSION000024,USER8248,2024-01-02 18:09:03,2024-01-02 18:10:03,1,11,28.29,FORCED_LOGOUT
SESSION000025,USER4559,2024-01-02 19:32:33,2024-01-02 19:40:33,8,18,4.74,COMPLETED
SESSION000026,USER2420,2024-01-02 20:20:06,2024-01-02 20:29:06,9,13,15.42,COMPLETED
SESSION000027,USER2646,2024-01-02 22:33:27,2024-01-02 22:55:27,22,14,8.46,TIMEOUT
SESSION000028,USER3293,2024-01-02 23:30:58,2024-01-02 23:53:58,23,10,9.91,COMPLETED
SESSION000029,USER3017,2024-01-03 00:54:32,2024-01-03 02:27:32,93,16,2.2,COMPLETED
SESSION000030,USER7291,2024-01-03 02:35:18,2024-01-03 03:07:18,32,14,7.01,COMPLETED
SESSION000031,USER6759,2024-01-03 04:30:59,2024-01-03 05:27:59,57,18,3.34,TIMEOUT
SESSION000032,USER8035,2024-01-03 06:20:31,2024-01-03 06:24:31,4,15,16.01,COMPLETED
SESSION000033,USER6152,2024-01-03 08:06:12,2024-01-03 08:17:12,11,15,10.16,COMPLETED
SESSION000034,USER3290,2024-01-03 09:38:56,2024-01-03 10:32:56,54,18,13.95,COMPLETED
SESSION000035,USER5059,2024-01-03 15:20:15,2024-01-03 15:22:15,2,13,4.81,COMPLETED
SESSION000036,USER5537,2024-01-03 15:21:40,2024-01-03 15:51:40,30,15,6.29,COMPLETED
SESSION000037,USER2380,2024-01-03 15:42:08,2024-01-03 16:23:08,41,14,17.71,COMPLETED
SESSION000038,USER5065,2024-01-03 15:56:12,2024-01-03 16:37:12,41,22,7.62,COMPLETED
SESSION000039,USER5668,2024-01-03 21:22:51,2024-01-03 21:23:51,1,14,6.09,COMPLETED
SESSION000040,USER1439,2024-01-03 23:46:06,2024-01-04 00:03:06,17,16,16.13,COMPLETED
SESSION000041,USER5942,2024-01-04 00:32:42,2024-01-04 01:17:42,45,19,4.9,COMPLETED
SESSION000042,USER4366,2024-01-04 01:57:10,2024-01-04 02:04:10,7,12,6.42,TIMEOUT
SESSION000043,USER9482,2024-01-04 09:07:50,2024-01-04 10:00:50,53,13,9.31,COMPLETED
SESSION000044,USER9348,2024-01-04 11:35:30,2024-01-04 12:36:30,61,11,12.98,TIMEOUT
SESSION000045,USER4090,2024-01-04 12:02:27,2024-01-04 15:02:27,180,15,7.97,TIMEOUT
SESSION000046,USER7418,2024-01-04 12:13:29,2024-01-04 12:23:29,10,17,2.44,COMPLETED
SESSION000047,USER5842,2024-01-04 12:42:38,2024-01-04 14:00:38,78,13,14.41,COMPLETED
SESSION000048,USER1894,2024-01-04 13:02:59,2024-01-04 13:35:59,33,15,20.7,TIMEOUT
SESSION000049,USER4921,2024-01-04 15:03:55,2024-01-04 15:24:55,21,13,5.95,COMPLETED
SESSION000050,USER9108,2024-01-04 15:12:38,2024-01-04 15:17:38,5,8,7.52,TIMEOUT
SESSION000051,USER7322,2024-01-04 15:47:41,2024-01-04 16:46:41,59,17,3.72,COMPLETED
SESSION000052,USER2847,2024-01-04 16:46:39,2024-01-04 16:58:39,12,14,9.61,COMPLETED
SESSION000053,USER4949,2024-01-04 17:00:41,2024-01-04 17:20:41,20,12,4.41,COMPLETED
SESSION000054,USER9185,2024-01-04 17:04:32,2024-01-04 17:06:32,2,16,24.31,COMPLETED
SESSION000055,USER2163,2024-01-04 18:42:31,2024-01-04 19:54:31,72,16,7.22,FORCED_LOGOUT
SESSION000056,USER9655,2024-01-04 19:55:43,2024-01-04 21:00:43,65,20,6.51,COMPLETED
SESSION000057,USER1197,2024-01-04 21:01:15,2024-01-04 22:00:15,59,12,7.06,COMPLETED
SESSION000058,USER6916,2024-01-05 00:29:45,2024-01-05 00:45:45,16,10,4.84,TIMEOUT
SESSION000059,USER6185,2024-01-05 01:23:00,2024-01-05 01:31:00,8,17,10.59,COMPLETED
SESSION000060,USER3162,2024-01-05 01:42:03,2024-01-05 02:27:03,45,20,6.97,COMPLETED
SESSION000061,USER7337,2024-01-05 01:44:50,2024-01-05 02:14:50,30,12,16.48,COMPLETED
SESSION000062,USER7895,2024-01-05 02:49:32,2024-01-05 02:57:32,8,12,10.56,COMPLETED
SESSION000063,USER6986,2024-01-05 05:11:14,2024-01-05 06:03:14,52,16,13.52,COMPLETED
SESSION000064,USER9951,2024-01-05 06:44:43,2024-01-05 10:16:43,212,16,14.55,COMPLETED
SESSION000065,USER3830,2024-01-05 09:43:56,2024-01-05 10:44:56,61,14,20.65,COMPLETED
SESSION000066,USER8717,2024-01-05 09:47:28,2024-01-05 10:47:28,60,11,6.24,COMPLETED
SESSION000067,USER2195,2024-01-05 13:53:57,2024-01-05 16:08:57,135,20,5.15,COMPLETED
SESSION000068,USER1273,2024-01-05 16:48:15,2024-01-05 16:58:15,10,19,5.91,COMPLETED
SESSION000069,USER2106,2024-01-05 17:12:16,2024-01-05 17:49:16,37,17,9.17,COMPLETED
SESSION000070,USER1225,2024-01-05 17:57:39,2024-01-05 20:52:39,175,15,11.32,COMPLETED
SESSION000071,USER5295,2024-01-05 18:37:37,2024-01-05 18:45:37,8,13,4.17,COMPLETED
SESSION000072,USER4534,2024-01-05 21:07:47,2024-01-05 22:01:47,54,16,5.56,COMPLETED
SESSION000073,USER1652,2024-01-05 21:41:10,2024-01-05 22:20:10,39,21,11.35,TIMEOUT
SESSION000074,USER1990,2024-01-05 23:16:46,2024-01-05 23:55:46,39,14,10.3,COMPLETED
SESSION000075,USER7520,2024-01-06 02:19:45,2024-01-06 03:12:45,53,20,6.59,COMPLETED
SESSION000076,USER9300,2024-01-06 02:52:02,2024-01-06 04:51:02,119,18,2.47,COMPLETED
SESSION000077,USER5693,2024-01-06 03:23:45,2024-01-06 04:31:45,68,14,10.18,COMPLETED
SESSION000078,USER9209,2024-01-06 03:26:58,2024-01-06 03:28:58,2,11,14.18,COMPLETED
SESSION000079,USER7806,2024-01-06 04:40:32,2024-01-06 06:06:32,86,18,13.7,COMPLETED
SESSION000080,USER7939,2024-01-06 05:36:36,2024-01-06 05:47:36,11,21,7.45,COMPLETED
SESSION000081,USER7590,2024-01-06 05:47:32,2024-01-06 06:08:32,21,15,4.33,COMPLETED
SESSION000082,USER2350,2024-01-06 07:53:26,2024-01-06 08:20:26,27,23,3.08,TIMEOUT
SESSION000083,USER9791,2024-01-06 08:59:11,2024-01-06 09:28:11,29,22,4.07,COMPLETED
SESSION000084,USER9808,2024-01-06 09:06:30,2024-01-06 09:31:30,25,10,12.32,COMPLETED
SESSION000085,USER3501,2024-01-06 09:43:16,2024-01-06 11:47:16,124,20,7.04,TIMEOUT
SESSION000086,USER5546,2024-01-06 10:40:03,2024-01-06 11:35:03,55,14,8.83,COMPLETED
SESSION000087,USER2369,2024-01-06 11:38:45,2024-01-06 12:22:45,44,22,1.66,COMPLETED
SESSION000088,USER6077,2024-01-06 15:37:35,2024-01-06 15:39:35,2,9,16.93,COMPLETED
SESSION000089,USER2294,2024-01-06 15:50:48,2024-01-06 17:35:48,105,10,20.39,COMPLETED
SESSION000090,USER9377,2024-01-06 15:57:39,2024-01-06 17:45:39,108,20,4.86,COMPLETED
SESSION000091,USER4329,2024-01-06 16:54:30,2024-01-06 18:02:30,68,12,23.46,COMPLETED
SESSION000092,USER3545,2024-01-06 17:14:08,2024-01-06 17:14:08,0,12,6.24,COMPLETED
SESSION000093,USER9788,2024-01-06 18:54:16,2024-01-06 18:56:16,2,9,3.76,COMPLETED
SESSION000094,USER6353,2024-01-06 20:18:05,2024-01-06 20:29:05,11,14,4.55,COMPLETED
SESSION000095,USER7401,2024-01-06 20:38:05,2024-01-06 20:44:05,6,15,5.81,TIMEOUT
SESSION000096,USER2083,2024-01-06 21:51:36,2024-01-06 22:13:36,22,17,5.32,COMPLETED
SESSION000097,USER6081,2024-01-06 21:56:35,2024-01-06 23:51:35,115,11,6.63,COMPLETED
SESSION000098,USER8167,2024-01-06 21:57:21,2024-01-06 22:25:21,28,14,4.89,COMPLETED
SESSION000099,USER4909,2024-01-06 23:52:08,2024-01-06 23:52:08,0,13,15.54,COMPLETED
SESSION000100,USER1948,2024-01-07 01:35:16,2024-01-07 01:49:16,14,18,5.52,TIMEOUT
SESSION000101,USER5005,2024-01-07 03:01:13,2024-01-07 03:03:13,2,22,1.87,COMPLETED
SESSION000102,USER2412,2024-01-07 05:58:58,2024-01-07 05:59:58,1,7,3.42,COMPLETED
SESSION000103,USER8118,2024-01-07 06:08:02,2024-01-07 06:22:02,14,15,7.0,COMPLETED
SESSION000104,USER2900,2024-01-07 06:39:45,2024-01-07 06:53:45,14,8,7.77,COMPLETED
SESSION000105,USER8428,2024-01-07 08:48:50,2024-01-07 09:57:50,69,17,16.07,COMPLETED
SESSION000106,USER1901,2024-01-07 08:53:33,2024-01-07 11:38:33,165,18,7.49,COMPLETED
SESSION000107,USER6067,2024-01-07 11:45:26,2024-01-07 12:05:26,20,9,10.08,COMPLETED
SESSION000108,USER3877,2024-01-07 14:13:58,2024-01-07 14:38:58,25,12,6.15,COMPLETED
SESSION000109,USER2956,2024-01-07 14:19:43,2024-01-07 15:42:43,83,19,10.47,COMPLETED
SESSION000110,USER1207,2024-01-07 18:10:41,2024-01-07 18:24:41,14,23,1.66,TIMEOUT
SESSION000111,USER3248,2024-01-07 20:09:53,2024-01-07 20:16:53,7,18,10.71,COMPLETED
SESSION000112,USER1185,2024-01-07 22:51:20,2024-01-08 00:17:20,86,21,6.82,COMPLETED
SESSION000113,USER3684,2024-01-07 23:47:57,2024-01-07 23:49:57,2,18,16.62,COMPLETED
SESSION000114,USER9133,2024-01-08 01:29:03,2024-01-08 02:12:03,43,12,17.48,COMPLETED
SESSION000115,USER6680,2024-01-08 02:32:41,2024-01-08 03:09:41,37,10,11.6,COMPLETED
SESSION000116,USER9568,2024-01-08 03:03:25,2024-01-08 03:22:25,19,16,6.19,TIMEOUT
SESSION000117,USER9474,2024-01-08 03:18:39,2024-01-08 03:35:39,17,14,6.49,COMPLETED
SESSION000118,USER5247,2024-01-08 05:33:04,2024-01-08 06:39:04,66,11,3.51,TIMEOUT
SESSION000119,USER3735,2024-01-08 07:44:56,2024-01-08 07:48:56,4,13,7.24,COMPLETED
SESSION000120,USER7092,2024-01-08 08:26:24,2024-01-08 08:38:24,12,18,2.26,COMPLETED
SESSION000121,USER3079,2024-01-08 14:50:44,2024-01-08 15:49:44,59,17,7.13,COMPLETED
SESSION000122,USER5403,2024-01-08 15:19:05,2024-01-08 15:54:05,35,16,16.08,COMPLETED
SESSION000123,USER2934,2024-01-08 15:50:49,2024-01-08 15:56:49,6,15,5.73,COMPLETED
SESSION000124,USER1480,2024-01-08 16:50:50,2024-01-08 18:26:50,96,17,10.72,COMPLETED
SESSION000125,USER6488,2024-01-08 17:03:53,2024-01-08 17:25:53,22,19,13.31,TIMEOUT
SESSION000126,USER8034,2024-01-08 17:41:24,2024-01-08 19:00:24,79,12,15.28,FORCED_LOGOUT
SESSION000127,USER5456,2024-01-08 18:46:54,2024-01-08 19:55:54,69,16,5.7,COMPLETED
SESSION000128,USER9582,2024-01-08 19:12:29,2024-01-08 19:56:29,44,12,3.57,COMPLETED
SESSION000129,USER2046,2024-01-08 21:55:21,2024-01-08 22:25:21,30,17,3.13,COMPLETED
SESSION000130,USER5308,2024-01-08 23:08:13,2024-01-09 02:03:13,175,16,3.79,COMPLETED
SESSION000131,USER2262,2024-01-08 23:55:19,2024-01-09 00:02:19,7,11,6.07,COMPLETED
SESSION000132,USER9128,2024-01-09 05:26:32,2024-01-09 06:24:32,58,16,2.2,COMPLETED
SESSION000133,USER8457,2024-01-09 06:09:11,2024-01-09 06:18:11,9,20,4.62,COMPLETED
SESSION000134,USER9368,2024-01-09 07:23:05,2024-01-09 07:41:05,18,15,17.06,COMPLETED
SESSION000135,USER6900,2024-01-09 09:36:22,2024-01-09 09:52:22,16,10,16.17,COMPLETED
SESSION000136,USER1908,2024-01-09 11:01:21,2024-01-09 13:13:21,132,13,0.99,COMPLETED
SESSION000137,USER9185,2024-01-09 11:08:43,2024-01-09 13:41:43,153,15,35.9,COMPLETED
SESSION000138,USER3734,2024-01-09 11:14:02,2024-01-09 11:23:02,9,17,19.86,COMPLETED
SESSION000139,USER7024,2024-01-09 11:52:29,2024-01-09 11:53:29,1,22,2.17,COMPLETED
SESSION000140,USER3577,2024-01-09 12:22:42,2024-01-09 13:19:42,57,12,8.73,COMPLETED
SESSION000141,USER5179,2024-01-09 13:25:24,2024-01-09 13:49:24,24,14,5.66,COMPLETED
SESSION000142,USER2685,2024-01-09 17:16:08,2024-01-09 17:20:08,4,18,5.18,COMPLETED
SESSION000143,USER2889,2024-01-09 17:27:36,2024-01-09 18:18:36,51,18,2.06,COMPLETED
SESSION000144,USER4742,2024-01-09 18:03:09,2024-01-09 18:38:09,35,11,15.18,COMPLETED
SESSION000145,USER9336,2024-01-09 19:12:12,2024-01-09 22:09:12,177,16,15.03,COMPLETED
SESSION000146,USER1042,2024-01-09 19:38:44,2024-01-09 19:49:44,11,15,10.95,COMPLETED
SESSION000147,USER1721,2024-01-09 20:26:32,2024-01-09 20:49:32,23,17,28.14,COMPLETED
SESSION000148,USER1201,2024-01-09 23:16:37,2024-01-09 23:51:37,35,14,7.37,COMPLETED
SESSION000149,USER5006,2024-01-10 04:29:32,2024-01-10 05:39:32,70,9,4.72,COMPLETED
SESSION000150,USER1753,2024-01-10 05:02:35,2024-01-10 05:37:35,35,15,3.55,COMPLETED
SESSION000151,USER8729,2024-01-10 06:48:34,2024-01-10 07:30:34,42,24,4.02,COMPLETED
SESSION000152,USER6963,2024-01-10 06:48:39,2024-01-10 06:59:39,11,11,19.56,TIMEOUT
SESSION000153,USER7274,2024-01-10 09:29:46,2024-01-10 10:53:46,84,22,11.08,COMPLETED
SESSION000154,USER3458,2024-01-10 10:07:51,2024-01-10 10:32:51,25,11,6.07,FORCED_LOGOUT
SESSION000155,USER3932,2024-01-10 14:24:25,2024-01-10 14:30:25,6,18,4.92,COMPLETED
SESSION000156,USER1579,2024-01-10 15:35:06,2024-01-10 16:24:06,49,17,14.13,COMPLETED
SESSION000157,USER7870,2024-01-10 21:22:58,2024-01-10 21:32:58,10,14,2.55,COMPLETED
SESSION000158,USER4678,2024-01-10 22:37:09,2024-01-10 22:41:09,4,18,3.08,COMPLETED
SESSION000159,USER6272,2024-01-11 00:24:43,2024-01-11 01:53:43,89,12,15.23,COMPLETED
SESSION000160,USER5067,2024-01-11 01:05:04,2024-01-11 01:32:04,27,16,10.73,COMPLETED
SESSION000161,USER7819,2024-01-11 05:07:25,2024-01-11 06:09:25,62,19,3.57,COMPLETED
SESSION000162,USER6241,2024-01-11 07:50:14,2024-01-11 08:05:14,15,16,9.07,COMPLETED
SESSION000163,USER5444,2024-01-11 08:03:32,2024-01-11 09:12:32,69,11,4.02,COMPLETED
SESSION000164,USER2276,2024-01-11 08:40:20,2024-01-11 08:45:20,5,19,8.8,COMPLETED
SESSION000165,USER7108,2024-01-11 11:57:28,2024-01-11 12:16:28,19,12,7.98,COMPLETED
SESSION000166,USER2956,2024-01-11 13:10:00,2024-01-11 16:01:00,171,21,5.67,COMPLETED
SESSION000167,USER9225,2024-01-11 13:22:33,2024-01-11 14:33:33,71,21,5.69,COMPLETED
SESSION000168,USER1862,2024-01-11 13:36:57,2024-01-11 14:06:57,30,15,3.28,TIMEOUT
SESSION000169,USER3938,2024-01-11 17:03:00,2024-01-11 17:21:00,18,15,6.18,TIMEOUT
SESSION000170,USER4656,2024-01-11 21:08:46,2024-01-11 22:40:46,92,9,22.22,COMPLETED
SESSION000171,USER9450,2024-01-12 00:57:20,2024-01-12 01:32:20,35,7,8.39,COMPLETED
SESSION000172,USER1752,2024-01-12 01:52:14,2024-01-12 02:55:14,63,12,30.62,TIMEOUT
SESSION000173,USER7568,2024-01-12 04:42:41,2024-01-12 05:45:41,63,16,1.53,COMPLETED
SESSION000174,USER2129,2024-01-12 07:56:13,2024-01-12 07:56:13,0,18,5.35,COMPLETED
SESSION000175,USER8620,2024-01-12 09:08:06,2024-01-12 09:14:06,6,24,12.46,TIMEOUT
SESSION000176,USER5625,2024-01-12 11:10:53,2024-01-12 11:58:53,48,17,35.91,COMPLETED
SESSION000177,USER6090,2024-01-12 11:31:50,2024-01-12 11:38:50,7,14,2.16,COMPLETED
SESSION000178,USER6362,2024-01-12 11:52:17,2024-01-12 12:05:17,13,16,8.1,COMPLETED
SESSION000179,USER2415,2024-01-12 15:38:28,2024-01-12 17:49:28,131,13,11.67,COMPLETED
SESSION000180,USER8483,2024-01-12 16:19:54,2024-01-12 16:55:54,36,10,19.96,TIMEOUT
SESSION000181,USER1130,2024-01-12 16:51:32,2024-01-12 17:53:32,62,14,5.41,COMPLETED
SESSION000182,USER7044,2024-01-12 17:35:30,2024-01-12 18:11:30,36,15,6.7,COMPLETED
SESSION000183,USER4287,2024-01-12 19:17:43,2024-01-12 19:53:43,36,12,3.38,COMPLETED
SESSION000184,USER5777,2024-01-12 20:51:18,2024-01-12 20:55:18,4,16,6.3,COMPLETED
SESSION000185,USER5979,2024-01-12 21:20:27,2024-01-12 21:38:27,18,17,7.34,COMPLETED
SESSION000186,USER4974,2024-01-13 01:10:54,2024-01-13 01:24:54,14,14,11.23,COMPLETED
SESSION000187,USER8600,2024-01-13 04:39:38,2024-01-13 05:01:38,22,19,14.28,TIMEOUT
SESSION000188,USER7033,2024-01-13 06:26:35,2024-01-13 07:38:35,72,13,2.56,COMPLETED
SESSION000189,USER9083,2024-01-13 07:05:29,2024-01-13 07:25:29,20,15,4.77,COMPLETED
SESSION000190,USER4201,2024-01-13 07:33:25,2024-01-13 08:00:25,27,6,10.74,COMPLETED
SESSION000191,USER9954,2024-01-13 10:44:15,2024-01-13 11:06:15,22,22,1.7,COMPLETED
SESSION000192,USER5016,2024-01-13 11:29:16,2024-01-13 11:33:16,4,15,24.74,TIMEOUT
SESSION000193,USER3466,2024-01-13 11:37:51,2024-01-13 12:03:51,26,16,18.67,COMPLETED
SESSION000194,USER1104,2024-01-13 11:39:01,2024-01-13 11:48:01,9,13,11.82,COMPLETED
SESSION000195,USER7718,2024-01-13 12:08:06,2024-01-13 12:17:06,9,11,13.62,COMPLETED
SESSION000196,USER1391,2024-01-13 12:37:12,2024-01-13 12:41:12,4,20,17.71,COMPLETED
SESSION000197,USER4817,2024-01-13 13:38:58,2024-01-13 13:57:58,19,11,18.36,COMPLETED
SESSION000198,USER9872,2024-01-13 13:50:43,2024-01-13 14:53:43,63,18,12.07,COMPLETED
SESSION000199,USER6675,2024-01-13 14:17:53,2024-01-13 14:31:53,14,14,2.84,COMPLETED
SESSION000200,USER1157,2024-01-13 15:31:57,2024-01-13 15:47:57,16,16,10.59,TIMEOUT
SESSION000201,USER6488,2024-01-13 16:19:26,2024-01-13 17:05:26,46,19,18.91,COMPLETED
SESSION000202,USER1023,2024-01-13 16:26:34,2024-01-13 16:35:34,9,12,9.46,TIMEOUT
SESSION000203,USER7164,2024-01-13 16:37:19,2024-01-13 18:19:19,102,14,15.41,COMPLETED
SESSION000204,USER6038,2024-01-13 20:00:51,2024-01-13 20:33:51,33,18,13.73,COMPLETED
SESSION000205,USER2703,2024-01-13 20:50:14,2024-01-13 21:16:14,26,10,15.34,COMPLETED
SESSION000206,USER4361,2024-01-13 22:02:32,2024-01-13 22:38:32,36,14,5.52,COMPLETED
SESSION000207,USER9680,2024-01-13 22:54:30,2024-01-13 23:02:30,8,15,15.04,COMPLETED
SESSION000208,USER4902,2024-01-14 02:18:52,2024-01-14 03:00:52,42,16,4.12,COMPLETED
SESSION000209,USER7878,2024-01-14 02:43:27,2024-01-14 03:03:27,20,16,4.15,COMPLETED
SESSION000210,USER9061,2024-01-14 03:13:34,2024-01-14 04:55:34,102,16,6.14,TIMEOUT
SESSION000211,USER1981,2024-01-14 03:26:09,2024-01-14 03:34:09,8,17,13.12,COMPLETED
SESSION000212,USER3332,2024-01-14 04:16:30,2024-01-14 04:47:30,31,10,10.35,COMPLETED
SESSION000213,USER5584,2024-01-14 10:23:16,2024-01-14 11:04:16,41,9,9.71,TIMEOUT
SESSION000214,USER2524,2024-01-14 10:46:07,2024-01-14 10:47:07,1,10,6.87,COMPLETED
SESSION000215,USER1719,2024-01-14 11:06:09,2024-01-14 11:26:09,20,20,8.26,COMPLETED
SESSION000216,USER4792,2024-01-14 14:24:07,2024-01-14 15:23:07,59,4,3.37,COMPLETED
SESSION000217,USER9515,2024-01-14 15:24:00,2024-01-14 16:41:00,77,10,3.18,COMPLETED
SESSION000218,USER7767,2024-01-14 19:41:05,2024-01-14 19:57:05,16,17,12.7,COMPLETED
SESSION000219,USER7102,2024-01-14 20:27:25,2024-01-14 21:39:25,72,10,1.09,TIMEOUT
SESSION000220,USER8511,2024-01-14 20:37:16,2024-01-14 23:11:16,154,17,20.23,COMPLETED
SESSION000221,USER2391,2024-01-14 21:08:21,2024-01-14 22:35:21,87,16,9.88,COMPLETED
SESSION000222,USER2565,2024-01-14 21:47:57,2024-01-14 21:52:57,5,15,5.82,COMPLETED
SESSION000223,USER9280,2024-01-15 00:12:54,2024-01-15 01:12:54,60,14,0.45,COMPLETED
SESSION000224,USER3187,2024-01-15 01:04:16,2024-01-15 01:21:16,17,10,4.18,COMPLETED
SESSION000225,USER7461,2024-01-15 01:16:28,2024-01-15 04:36:28,200,16,7.2,COMPLETED
SESSION000226,USER2226,2024-01-15 03:06:48,2024-01-15 03:35:48,29,9,1.0,COMPLETED
SESSION000227,USER2020,2024-01-15 05:43:04,2024-01-15 05:48:04,5,15,6.04,COMPLETED
SESSION000228,USER8126,2024-01-15 08:14:53,2024-01-15 09:12:53,58,15,18.15,COMPLETED
SESSION000229,USER3141,2024-01-15 09:16:29,2024-01-15 09:33:29,17,14,8.11,COMPLETED
SESSION000230,USER4879,2024-01-15 10:39:42,2024-01-15 15:01:42,262,15,20.42,COMPLETED
SESSION000231,USER5778,2024-01-15 12:36:30,2024-01-15 15:31:30,175,24,4.31,COMPLETED
SESSION000232,USER5276,2024-01-15 14:22:49,2024-01-15 15:10:49,48,20,1.73,COMPLETED
SESSION000233,USER6161,2024-01-15 15:02:18,2024-01-15 15:08:18,6,17,11.76,TIMEOUT
SESSION000234,USER7438,2024-01-15 18:28:05,2024-01-15 19:20:05,52,13,13.53,COMPLETED
SESSION000235,USER6345,2024-01-15 20:25:27,2024-01-15 20:29:27,4,15,17.61,COMPLETED
SESSION000236,USER6211,2024-01-16 01:11:17,2024-01-16 01:12:17,1,13,21.57,COMPLETED
SESSION000237,USER8417,2024-01-16 03:16:04,2024-01-16 04:33:04,77,16,8.09,COMPLETED
SESSION000238,USER5455,2024-01-16 03:19:50,2024-01-16 03:29:50,10,10,19.16,TIMEOUT
SESSION000239,USER4827,2024-01-16 03:56:26,2024-01-16 04:17:26,21,11,40.44,COMPLETED
SESSION000240,USER2223,2024-01-16 04:52:45,2024-01-16 07:35:45,163,22,15.81,TIMEOUT
SESSION000241,USER4321,2024-01-16 06:44:59,2024-01-16 07:02:59,18,20,4.35,COMPLETED
SESSION000242,USER3230,2024-01-16 10:15:00,2024-01-16 10:30:00,15,12,8.18,COMPLETED
SESSION000243,USER2785,2024-01-16 11:02:14,2024-01-16 12:54:14,112,8,11.52,TIMEOUT
SESSION000244,USER3546,2024-01-16 16:49:58,2024-01-16 16:54:58,5,17,11.04,COMPLETED
SESSION000245,USER2731,2024-01-16 19:00:32,2024-01-16 20:04:32,64,11,7.23,COMPLETED
SESSION000246,USER3693,2024-01-16 21:30:30,2024-01-17 00:49:30,199,18,23.17,COMPLETED
SESSION000247,USER8365,2024-01-17 00:24:41,2024-01-17 02:08:41,104,18,1.67,TIMEOUT
SESSION000248,USER8635,2024-01-17 00:42:15,2024-01-17 01:29:15,47,13,8.58,TIMEOUT
SESSION000249,USER6145,2024-01-17 00:47:45,2024-01-17 01:03:45,16,21,11.28,COMPLETED
SESSION000250,USER7660,2024-01-17 02:06:10,2024-01-17 02:19:10,13,9,4.59,TIMEOUT
SESSION000251,USER2978,2024-01-17 02:25:23,2024-01-17 03:41:23,76,11,18.31,COMPLETED
SESSION000252,USER9780,2024-01-17 03:01:24,2024-01-17 04:36:24,95,11,10.58,COMPLETED
SESSION000253,USER6870,2024-01-17 03:18:50,2024-01-17 03:51:50,33,8,9.52,COMPLETED
SESSION000254,USER4401,2024-01-17 03:55:43,2024-01-17 04:07:43,12,15,13.07,COMPLETED
SESSION000255,USER8404,2024-01-17 08:10:46,2024-01-17 08:15:46,5,16,9.6,COMPLETED
SESSION000256,USER6051,2024-01-17 08:56:34,2024-01-17 09:00:34,4,17,14.81,COMPLETED
SESSION000257,USER8591,2024-01-17 09:45:38,2024-01-17 10:42:38,57,16,0.79,COMPLETED
SESSION000258,USER5341,2024-01-17 09:53:44,2024-01-17 10:17:44,24,22,1.23,COMPLETED
SESSION000259,USER2964,2024-01-17 12:08:49,2024-01-17 13:54:49,106,14,16.03,COMPLETED
SESSION000260,USER2481,2024-01-17 12:38:36,2024-01-17 13:38:36,60,14,8.33,COMPLETED
SESSION000261,USER3582,2024-01-17 12:40:59,2024-01-17 12:49:59,9,16,4.49,COMPLETED
SESSION000262,USER5984,2024-01-17 12:50:21,2024-01-17 13:32:21,42,17,10.48,COMPLETED
SESSION000263,USER1660,2024-01-17 13:23:55,2024-01-17 13:48:55,25,16,8.14,COMPLETED
SESSION000264,USER4522,2024-01-17 15:35:52,2024-01-17 16:13:52,38,17,4.12,COMPLETED
SESSION000265,USER6370,2024-01-17 16:44:44,2024-01-17 17:44:44,60,15,32.42,TIMEOUT
SESSION000266,USER3430,2024-01-17 19:25:37,2024-01-17 20:38:37,73,9,23.28,COMPLETED
SESSION000267,USER2494,2024-01-17 19:33:21,2024-01-17 20:56:21,83,16,5.11,COMPLETED
SESSION000268,USER5066,2024-01-18 02:18:42,2024-01-18 02:31:42,13,23,5.17,TIMEOUT
SESSION000269,USER6828,2024-01-18 02:36:52,2024-01-18 02:37:52,1,18,4.3,COMPLETED
SESSION000270,USER7492,2024-01-18 04:07:02,2024-01-18 05:07:02,60,13,6.0,FORCED_LOGOUT
SESSION000271,USER9412,2024-01-18 08:30:44,2024-01-18 08:35:44,5,16,13.99,COMPLETED
SESSION000272,USER1802,2024-01-18 10:45:47,2024-01-18 11:02:47,17,22,9.05,COMPLETED
SESSION000273,USER5896,2024-01-18 12:11:23,2024-01-18 12:11:23,0,23,5.92,COMPLETED
SESSION000274,USER5262,2024-01-18 12:35:20,2024-01-18 13:26:20,51,18,7.57,COMPLETED
SESSION000275,USER3848,2024-01-18 13:16:12,2024-01-18 13:24:12,8,18,5.97,COMPLETED
SESSION000276,USER1509,2024-01-18 13:48:37,2024-01-18 14:35:37,47,17,3.94,COMPLETED
SESSION000277,USER7625,2024-01-18 13:53:37,2024-01-18 17:28:37,215,18,3.3,COMPLETED
SESSION000278,USER8408,2024-01-18 16:23:44,2024-01-18 16:26:44,3,21,3.09,TIMEOUT
SESSION000279,USER5093,2024-01-18 16:48:07,2024-01-18 16:51:07,3,19,10.33,COMPLETED
SESSION000280,USER2551,2024-01-18 17:05:19,2024-01-18 17:23:19,18,12,17.24,COMPLETED
SESSION000281,USER8570,2024-01-18 17:25:05,2024-01-18 18:55:05,90,17,9.46,COMPLETED
SESSION000282,USER2669,2024-01-18 17:30:41,2024-01-18 17:40:41,10,11,0.96,COMPLETED
SESSION000283,USER3290,2024-01-18 18:11:24,2024-01-18 18:31:24,20,19,10.13,TIMEOUT
SESSION000284,USER2989,2024-01-18 23:18:01,2024-01-18 23:21:01,3,21,4.92,COMPLETED
SESSION000285,USER1195,2024-01-18 23:38:12,2024-01-19 00:42:12,64,13,3.37,COMPLETED
SESSION000286,USER2010,2024-01-19 03:50:18,2024-01-19 04:13:18,23,13,2.19,COMPLETED
SESSION000287,USER4641,2024-01-19 06:21:46,2024-01-19 07:25:46,64,11,3.36,COMPLETED
SESSION000288,USER3141,2024-01-19 06:54:14,2024-01-19 08:39:14,105,16,3.46,TIMEOUT
SESSION000289,USER4246,2024-01-19 09:29:54,2024-01-19 09:40:54,11,13,1.64,COMPLETED
SESSION000290,USER7563,2024-01-19 12:49:37,2024-01-19 14:03:37,74,14,3.47,COMPLETED
SESSION000291,USER7098,2024-01-19 15:51:36,2024-01-19 15:53:36,2,12,12.23,FORCED_LOGOUT
SESSION000292,USER2376,2024-01-19 16:08:31,2024-01-19 17:51:31,103,14,19.64,TIMEOUT
SESSION000293,USER5240,2024-01-19 16:51:36,2024-01-19 17:38:36,47,12,1.05,COMPLETED
SESSION000294,USER2228,2024-01-19 17:22:04,2024-01-19 18:55:04,93,14,15.31,COMPLETED
SESSION000295,USER1357,2024-01-19 17:53:31,2024-01-19 17:53:31,0,19,7.24,COMPLETED
SESSION000296,USER2056,2024-01-19 18:23:51,2024-01-19 18:31:51,8,20,2.29,COMPLETED
SESSION000297,USER4239,2024-01-19 18:42:45,2024-01-19 19:04:45,22,19,5.88,TIMEOUT
SESSION000298,USER8265,2024-01-20 00:14:16,2024-01-20 00:35:16,21,20,11.76,COMPLETED
SESSION000299,USER3110,2024-01-20 01:38:03,2024-01-20 01:49:03,11,19,8.5,COMPLETED
SESSION000300,USER2506,2024-01-20 01:46:24,2024-01-20 02:07:24,21,15,1.4,COMPLETED
SESSION000301,USER6432,2024-01-20 01:56:50,2024-01-20 02:02:50,6,19,7.97,COMPLETED
SESSION000302,USER3007,2024-01-20 03:27:42,2024-01-20 03:50:42,23,15,14.02,COMPLETED
SESSION000303,USER1699,2024-01-20 04:50:37,2024-01-20 06:02:37,72,16,12.52,COMPLETED
SESSION000304,USER8552,2024-01-20 07:02:43,2024-01-20 07:31:43,29,16,6.07,COMPLETED
SESSION000305,USER1829,2024-01-20 08:12:07,2024-01-20 08:12:07,0,15,8.24,COMPLETED
SESSION000306,USER3752,2024-01-20 08:20:58,2024-01-20 08:44:58,24,11,6.35,COMPLETED
SESSION000307,USER8096,2024-01-20 09:45:45,2024-01-20 09:46:45,1,18,11.99,COMPLETED
SESSION000308,USER7471,2024-01-20 10:32:56,2024-01-20 13:04:56,152,14,12.53,COMPLETED
SESSION000309,USER9128,2024-01-20 13:05:04,2024-01-20 13:11:04,6,9,0.7,COMPLETED
SESSION000310,USER1483,2024-01-20 15:55:30,2024-01-20 16:50:30,55,18,14.1,COMPLETED
SESSION000311,USER7270,2024-01-20 18:04:14,2024-01-20 20:46:14,162,19,11.44,COMPLETED
SESSION000312,USER7990,2024-01-20 18:33:50,2024-01-20 19:51:50,78,19,4.87,COMPLETED
SESSION000313,USER3831,2024-01-20 19:18:19,2024-01-20 20:12:19,54,22,16.91,COMPLETED
SESSION000314,USER6799,2024-01-20 22:56:47,2024-01-21 00:18:47,82,16,6.36,COMPLETED
SESSION000315,USER4517,2024-01-21 00:10:05,2024-01-21 03:10:05,180,18,4.05,TIMEOUT
SESSION000316,USER4066,2024-01-21 00:19:26,2024-01-21 01:02:26,43,19,4.93,COMPLETED
SESSION000317,USER5505,2024-01-21 00:52:37,2024-01-21 01:28:37,36,13,8.65,COMPLETED
SESSION000318,USER5585,2024-01-21 00:56:46,2024-01-21 01:40:46,44,12,5.86,TIMEOUT
SESSION000319,USER8307,2024-01-21 01:24:56,2024-01-21 01:58:56,34,21,4.81,COMPLETED
SESSION000320,USER3435,2024-01-21 02:13:42,2024-01-21 02:58:42,45,19,4.17,COMPLETED
SESSION000321,USER1567,2024-01-21 02:14:22,2024-01-21 02:40:22,26,15,12.91,COMPLETED
SESSION000322,USER5026,2024-01-21 02:33:16,2024-01-21 02:44:16,11,20,12.2,TIMEOUT
SESSION000323,USER5835,2024-01-21 06:55:43,2024-01-21 07:00:43,5,14,1.0,COMPLETED
SESSION000324,USER9173,2024-01-21 07:43:13,2024-01-21 07:46:13,3,14,5.2,COMPLETED
SESSION000325,USER7750,2024-01-21 08:27:57,2024-01-21 08:40:57,13,18,13.84,COMPLETED
SESSION000326,USER8848,2024-01-21 08:49:34,2024-01-21 08:51:34,2,15,7.83,TIMEOUT
SESSION000327,USER1999,2024-01-21 10:00:45,2024-01-21 10:37:45,37,15,14.5,COMPLETED
SESSION000328,USER2437,2024-01-21 11:48:37,2024-01-21 12:03:37,15,12,17.82,COMPLETED
SESSION000329,USER5583,2024-01-21 12:23:37,2024-01-21 13:41:37,78,13,17.7,COMPLETED
SESSION000330,USER7275,2024-01-21 15:36:38,2024-01-21 15:39:38,3,10,15.81,COMPLETED
SESSION000331,USER3248,2024-01-21 15:58:42,2024-01-21 16:09:42,11,16,6.75,COMPLETED
SESSION000332,USER7868,2024-01-21 18:37:39,2024-01-21 19:35:39,58,11,5.5,COMPLETED
SESSION000333,USER4267,2024-01-21 21:29:21,2024-01-21 22:10:21,41,11,7.35,TIMEOUT
SESSION000334,USER9614,2024-01-21 21:37:07,2024-01-21 21:39:07,2,12,5.91,COMPLETED
SESSION000335,USER5082,2024-01-22 00:40:46,2024-01-22 02:14:46,94,18,16.12,COMPLETED
SESSION000336,USER9907,2024-01-22 01:23:15,2024-01-22 02:57:15,94,17,12.24,COMPLETED
SESSION000337,USER1319,2024-01-22 01:59:24,2024-01-22 02:17:24,18,18,8.71,COMPLETED
SESSION000338,USER7266,2024-01-22 03:30:04,2024-01-22 03:48:04,18,13,2.55,COMPLETED
SESSION000339,USER6883,2024-01-22 03:41:53,2024-01-22 07:04:53,203,16,12.06,COMPLETED
SESSION000340,USER8859,2024-01-22 03:42:33,2024-01-22 04:26:33,44,23,17.81,COMPLETED
SESSION000341,USER9921,2024-01-22 03:55:14,2024-01-22 04:29:14,34,15,4.73,COMPLETED
SESSION000342,USER8940,2024-01-22 04:45:41,2024-01-22 06:06:41,81,18,16.5,COMPLETED
SESSION000343,USER6636,2024-01-22 04:47:46,2024-01-22 05:02:46,15,18,11.39,TIMEOUT
SESSION000344,USER9231,2024-01-22 06:33:58,2024-01-22 06:58:58,25,20,33.86,FORCED_LOGOUT
SESSION000345,USER6269,2024-01-22 07:00:21,2024-01-22 07:14:21,14,14,7.23,COMPLETED
SESSION000346,USER7363,2024-01-22 08:05:41,2024-01-22 09:15:41,70,11,5.01,COMPLETED
SESSION000347,USER5430,2024-01-22 09:31:50,2024-01-22 10:09:50,38,20,14.88,COMPLETED
SESSION000348,USER3946,2024-01-22 09:38:05,2024-01-22 10:26:05,48,17,4.33,TIMEOUT
SESSION000349,USER1427,2024-01-22 10:21:23,2024-01-22 10:34:23,13,15,8.58,COMPLETED
SESSION000350,USER6224,2024-01-22 10:59:29,2024-01-22 11:10:29,11,11,10.47,FORCED_LOGOUT
SESSION000351,USER4588,2024-01-22 11:28:15,2024-01-22 11:58:15,30,12,14.49,COMPLETED
SESSION000352,USER1480,2024-01-22 14:11:39,2024-01-22 15:11:39,60,15,18.06,FORCED_LOGOUT
SESSION000353,USER5602,2024-01-22 15:36:56,2024-01-22 16:09:56,33,14,28.62,TIMEOUT
SESSION000354,USER1959,2024-01-22 16:18:12,2024-01-22 16:19:12,1,17,1.41,TIMEOUT
SESSION000355,USER8728,2024-01-22 19:09:07,2024-01-22 20:40:07,91,12,27.36,COMPLETED
SESSION000356,USER9674,2024-01-22 20:38:30,2024-01-22 20:41:30,3,11,2.28,COMPLETED
SESSION000357,USER6856,2024-01-22 21:41:24,2024-01-23 00:01:24,140,20,3.39,COMPLETED
SESSION000358,USER4813,2024-01-22 22:03:10,2024-01-22 22:04:10,1,12,13.29,COMPLETED
SESSION000359,USER3615,2024-01-22 22:14:51,2024-01-22 23:07:51,53,6,9.22,COMPLETED
SESSION000360,USER2640,2024-01-22 22:25:02,2024-01-22 22:28:02,3,8,3.04,COMPLETED
SESSION000361,USER5060,2024-01-23 02:18:01,2024-01-23 04:06:01,108,16,12.6,COMPLETED
SESSION000362,USER4951,2024-01-23 07:17:25,2024-01-23 07:45:25,28,13,7.2,COMPLETED
SESSION000363,USER5366,2024-01-23 07:39:10,2024-01-23 07:45:10,6,6,1.53,COMPLETED
SESSION000364,USER9743,2024-01-23 07:43:34,2024-01-23 08:01:34,18,22,18.55,COMPLETED
SESSION000365,USER1916,2024-01-23 16:40:53,2024-01-23 16:48:53,8,13,4.08,FORCED_LOGOUT
SESSION000366,USER4594,2024-01-23 20:19:12,2024-01-23 20:27:12,8,9,3.06,COMPLETED
SESSION000367,USER7363,2024-01-23 20:20:45,2024-01-23 22:33:45,133,14,8.59,COMPLETED
SESSION000368,USER6813,2024-01-23 21:23:45,2024-01-23 21:49:45,26,15,3.66,COMPLETED
SESSION000369,USER3846,2024-01-23 23:03:54,2024-01-24 00:12:54,69,17,12.56,TIMEOUT
SESSION000370,USER3885,2024-01-23 23:41:27,2024-01-24 00:26:27,45,18,7.1,COMPLETED
SESSION000371,USER4875,2024-01-24 00:37:32,2024-01-24 01:27:32,50,17,10.57,COMPLETED
SESSION000372,USER6210,2024-01-24 01:37:45,2024-01-24 01:43:45,6,14,4.71,COMPLETED
SESSION000373,USER6878,2024-01-24 02:05:24,2024-01-24 02:17:24,12,12,9.08,COMPLETED
SESSION000374,USER1462,2024-01-24 02:23:52,2024-01-24 03:32:52,69,14,3.81,COMPLETED
SESSION000375,USER6761,2024-01-24 03:06:54,2024-01-24 05:44:54,158,20,6.39,TIMEOUT
SESSION000376,USER3328,2024-01-24 04:30:58,2024-01-24 04:43:58,13,18,8.05,FORCED_LOGOUT
SESSION000377,USER4084,2024-01-24 07:30:22,2024-01-24 07:44:22,14,14,1.3,COMPLETED
SESSION000378,USER9064,2024-01-24 08:12:39,2024-01-24 08:40:39,28,14,16.8,COMPLETED
SESSION000379,USER9882,2024-01-24 10:56:30,2024-01-24 14:01:30,185,11,1.97,COMPLETED
SESSION000380,USER6063,2024-01-24 11:13:26,2024-01-24 11:27:26,14,16,3.29,COMPLETED
SESSION000381,USER3876,2024-01-24 12:50:51,2024-01-24 13:13:51,23,10,3.92,COMPLETED
SESSION000382,USER9035,2024-01-24 17:55:14,2024-01-24 19:34:14,99,14,12.14,COMPLETED
SESSION000383,USER1621,2024-01-24 17:58:37,2024-01-24 17:58:37,0,15,5.18,FORCED_LOGOUT
SESSION000384,USER2478,2024-01-24 18:02:44,2024-01-24 18:03:44,1,18,23.54,TIMEOUT
SESSION000385,USER1920,2024-01-24 18:31:21,2024-01-24 19:12:21,41,15,24.57,COMPLETED
SESSION000386,USER4811,2024-01-24 18:46:36,2024-01-24 20:33:36,107,15,12.5,COMPLETED
SESSION000387,USER4584,2024-01-24 19:04:48,2024-01-24 19:16:48,12,17,4.12,COMPLETED
SESSION000388,USER1326,2024-01-24 20:04:46,2024-01-24 20:32:46,28,19,6.8,COMPLETED
SESSION000389,USER9625,2024-01-24 20:35:24,2024-01-24 21:01:24,26,18,8.6,COMPLETED
SESSION000390,USER8831,2024-01-24 21:52:18,2024-01-24 22:20:18,28,10,16.58,COMPLETED
SESSION000391,USER1011,2024-01-24 22:36:06,2024-01-24 23:19:06,43,15,6.49,TIMEOUT
SESSION000392,USER6435,2024-01-24 23:26:06,2024-01-24 23:54:06,28,14,3.91,COMPLETED
SESSION000393,USER4300,2024-01-25 01:00:54,2024-01-25 01:26:54,26,19,2.71,COMPLETED
SESSION000394,USER3137,2024-01-25 02:08:39,2024-01-25 02:36:39,28,14,17.27,COMPLETED
SESSION000395,USER6582,2024-01-25 03:59:06,2024-01-25 04:39:06,40,15,12.52,COMPLETED
SESSION000396,USER3907,2024-01-25 04:23:25,2024-01-25 04:57:25,34,14,6.02,COMPLETED
SESSION000397,USER6301,2024-01-25 05:36:48,2024-01-25 07:02:48,86,9,6.46,COMPLETED
SESSION000398,USER1975,2024-01-25 07:48:21,2024-01-25 07:50:21,2,19,3.2,COMPLETED
SESSION000399,USER1359,2024-01-25 07:58:54,2024-01-25 09:18:54,80,19,29.24,COMPLETED
SESSION000400,USER3420,2024-01-25 10:17:46,2024-01-25 11:40:46,83,16,9.24,COMPLETED
SESSION000401,USER3320,2024-01-25 13:41:52,2024-01-25 13:56:52,15,14,1.82,TIMEOUT
SESSION000402,USER2817,2024-01-25 14:29:42,2024-01-25 14:56:42,27,8,2.19,COMPLETED
SESSION000403,USER9622,2024-01-25 15:14:04,2024-01-25 15:39:04,25,21,5.78,COMPLETED
SESSION000404,USER6978,2024-01-25 16:08:28,2024-01-25 16:19:28,11,13,3.76,COMPLETED
SESSION000405,USER2188,2024-01-25 16:12:01,2024-01-25 16:34:01,22,15,7.86,COMPLETED
SESSION000406,USER7120,2024-01-25 16:55:23,2024-01-25 16:57:23,2,23,11.88,COMPLETED
SESSION000407,USER7481,2024-01-25 19:38:30,2024-01-25 19:52:30,14,14,3.42,FORCED_LOGOUT
SESSION000408,USER2655,2024-01-25 20:00:07,2024-01-25 21:16:07,76,8,6.14,TIMEOUT
SESSION000409,USER6514,2024-01-25 20:39:53,2024-01-25 20:54:53,15,18,2.61,COMPLETED
SESSION000410,USER5944,2024-01-25 22:25:47,2024-01-25 23:41:47,76,10,24.35,COMPLETED
SESSION000411,USER6285,2024-01-25 22:42:06,2024-01-25 23:16:06,34,16,11.87,COMPLETED
SESSION000412,USER3235,2024-01-25 23:12:18,2024-01-26 00:47:18,95,14,12.28,COMPLETED
SESSION000413,USER3580,2024-01-26 03:24:16,2024-01-26 04:02:16,38,16,11.21,COMPLETED
SESSION000414,USER8157,2024-01-26 04:08:26,2024-01-26 04:09:26,1,15,3.73,COMPLETED
SESSION000415,USER8982,2024-01-26 05:07:08,2024-01-26 05:57:08,50,15,9.37,COMPLETED
SESSION000416,USER6198,2024-01-26 11:24:30,2024-01-26 11:26:30,2,19,9.07,COMPLETED
SESSION000417,USER3854,2024-01-26 12:01:14,2024-01-26 12:27:14,26,20,9.56,COMPLETED
SESSION000418,USER6846,2024-01-26 13:41:56,2024-01-26 15:40:56,119,22,4.33,TIMEOUT
SESSION000419,USER4657,2024-01-26 16:10:26,2024-01-26 16:18:26,8,7,4.58,COMPLETED
SESSION000420,USER3872,2024-01-26 17:30:11,2024-01-26 17:52:11,22,28,15.43,COMPLETED
SESSION000421,USER7199,2024-01-26 17:39:44,2024-01-26 18:37:44,58,16,5.86,COMPLETED
SESSION000422,USER6026,2024-01-26 17:48:58,2024-01-26 19:24:58,96,19,15.43,COMPLETED
SESSION000423,USER5825,2024-01-26 19:25:42,2024-01-26 20:15:42,50,11,4.36,COMPLETED
SESSION000424,USER3086,2024-01-26 22:18:44,2024-01-26 22:31:44,13,16,4.21,COMPLETED
SESSION000425,USER3911,2024-01-26 22:20:33,2024-01-26 23:10:33,50,23,4.03,TIMEOUT
SESSION000426,USER1029,2024-01-27 01:32:50,2024-01-27 01:47:50,15,17,7.65,COMPLETED
SESSION000427,USER7415,2024-01-27 02:50:38,2024-01-27 03:47:38,57,11,16.07,COMPLETED
SESSION000428,USER1530,2024-01-27 03:42:14,2024-01-27 06:00:14,138,14,4.56,COMPLETED
SESSION000429,USER3983,2024-01-27 04:38:06,2024-01-27 05:35:06,57,21,4.33,COMPLETED
SESSION000430,USER6213,2024-01-27 05:39:42,2024-01-27 07:08:42,89,16,9.54,COMPLETED
SESSION000431,USER4619,2024-01-27 06:45:21,2024-01-27 06:45:21,0,17,2.16,TIMEOUT
SESSION000432,USER2705,2024-01-27 06:53:03,2024-01-27 07:49:03,56,18,16.66,COMPLETED
SESSION000433,USER9129,2024-01-27 08:54:52,2024-01-27 10:13:52,79,16,7.94,COMPLETED
SESSION000434,USER3304,2024-01-27 09:19:17,2024-01-27 09:20:17,1,8,8.06,COMPLETED
SESSION000435,USER6425,2024-01-27 13:01:15,2024-01-27 14:33:15,92,21,17.61,COMPLETED
SESSION000436,USER2274,2024-01-27 13:47:31,2024-01-27 14:00:31,13,12,21.32,TIMEOUT
SESSION000437,USER4899,2024-01-27 15:54:44,2024-01-27 16:43:44,49,16,6.94,FORCED_LOGOUT
SESSION000438,USER6682,2024-01-27 17:18:56,2024-01-27 18:30:56,72,13,4.31,COMPLETED
SESSION000439,USER6234,2024-01-27 18:16:44,2024-01-27 19:04:44,48,20,5.84,COMPLETED
SESSION000440,USER3750,2024-01-27 21:01:30,2024-01-27 21:05:30,4,11,4.2,COMPLETED
SESSION000441,USER2453,2024-01-27 22:56:47,2024-01-27 23:36:47,40,17,3.13,COMPLETED
SESSION000442,USER6500,2024-01-28 01:54:18,2024-01-28 02:29:18,35,18,2.73,TIMEOUT
SESSION000443,USER8317,2024-01-28 01:54:48,2024-01-28 03:37:48,103,13,6.09,COMPLETED
SESSION000444,USER1186,2024-01-28 02:22:59,2024-01-28 02:45:59,23,14,12.18,COMPLETED
SESSION000445,USER5345,2024-01-28 08:16:41,2024-01-28 08:33:41,17,21,8.73,COMPLETED
SESSION000446,USER4435,2024-01-28 08:33:29,2024-01-28 09:35:29,62,16,10.78,TIMEOUT
SESSION000447,USER5088,2024-01-28 13:51:00,2024-01-28 14:14:00,23,14,9.61,COMPLETED
SESSION000448,USER2110,2024-01-28 14:21:35,2024-01-28 15:07:35,46,15,1.52,COMPLETED
SESSION000449,USER6742,2024-01-28 14:53:14,2024-01-28 15:39:14,46,23,5.45,COMPLETED
SESSION000450,USER5205,2024-01-28 15:28:20,2024-01-28 17:06:20,98,14,8.07,TIMEOUT
SESSION000451,USER2770,2024-01-28 15:55:10,2024-01-28 16:36:10,41,9,7.4,COMPLETED
SESSION000452,USER1020,2024-01-28 16:56:36,2024-01-28 17:27:36,31,10,4.85,COMPLETED
SESSION000453,USER1788,2024-01-28 17:18:40,2024-01-28 17:24:40,6,16,8.92,COMPLETED
SESSION000454,USER7323,2024-01-28 17:56:22,2024-01-28 18:01:22,5,13,17.56,COMPLETED
SESSION000455,USER8179,2024-01-28 19:43:10,2024-01-28 19:50:10,7,11,11.44,COMPLETED
SESSION000456,USER7875,2024-01-28 21:33:49,2024-01-28 21:41:49,8,18,15.38,FORCED_LOGOUT
SESSION000457,USER3725,2024-01-28 21:56:53,2024-01-28 22:41:53,45,17,18.95,COMPLETED
SESSION000458,USER7783,2024-01-28 22:11:49,2024-01-28 23:11:49,60,10,14.6,COMPLETED
SESSION000459,USER9078,2024-01-29 01:51:54,2024-01-29 02:24:54,33,18,17.79,COMPLETED
SESSION000460,USER7204,2024-01-29 04:28:10,2024-01-29 05:47:10,79,13,1.03,COMPLETED
SESSION000461,USER6754,2024-01-29 08:41:14,2024-01-29 12:14:14,213,11,9.19,TIMEOUT
SESSION000462,USER9946,2024-01-29 08:47:53,2024-01-29 10:04:53,77,14,3.6,COMPLETED
SESSION000463,USER7149,2024-01-29 10:24:58,2024-01-29 11:17:58,53,12,12.42,COMPLETED
SESSION000464,USER2661,2024-01-29 12:23:11,2024-01-29 12:57:11,34,11,13.74,COMPLETED
SESSION000465,USER8855,2024-01-29 13:16:24,2024-01-29 13:42:24,26,17,3.68,COMPLETED
SESSION000466,USER4695,2024-01-29 15:22:48,2024-01-29 15:25:48,3,6,14.33,COMPLETED
SESSION000467,USER3664,2024-01-29 16:35:13,2024-01-29 16:57:13,22,16,7.8,COMPLETED
SESSION000468,USER8393,2024-01-29 18:55:01,2024-01-29 20:43:01,108,23,8.01,COMPLETED
SESSION000469,USER2207,2024-01-29 19:34:52,2024-01-29 20:48:52,74,15,14.36,COMPLETED
SESSION000470,USER1547,2024-01-29 20:12:20,2024-01-29 20:22:20,10,17,4.08,COMPLETED
SESSION000471,USER5831,2024-01-29 20:39:58,2024-01-29 21:07:58,28,17,14.29,COMPLETED
SESSION000472,USER1328,2024-01-29 20:54:32,2024-01-29 22:10:32,76,10,4.1,FORCED_LOGOUT
SESSION000473,USER6221,2024-01-30 00:50:44,2024-01-30 00:53:44,3,14,7.74,COMPLETED
SESSION000474,USER5278,2024-01-30 04:02:09,2024-01-30 04:24:09,22,19,4.08,COMPLETED
SESSION000475,USER2715,2024-01-30 04:41:11,2024-01-30 06:06:11,85,18,9.68,COMPLETED
SESSION000476,USER2215,2024-01-30 05:44:37,2024-01-30 06:07:37,23,20,9.45,COMPLETED
SESSION000477,USER6600,2024-01-30 10:38:03,2024-01-30 10:41:03,3,18,8.58,COMPLETED
SESSION000478,USER3787,2024-01-30 11:45:12,2024-01-30 12:20:12,35,10,5.51,COMPLETED
SESSION000479,USER7151,2024-01-30 12:36:00,2024-01-30 14:05:00,89,15,13.25,COMPLETED
SESSION000480,USER3636,2024-01-30 12:39:41,2024-01-30 13:19:41,40,21,1.17,TIMEOUT
SESSION000481,USER2228,2024-01-30 14:09:20,2024-01-30 14:20:20,11,16,6.88,COMPLETED
SESSION000482,USER9962,2024-01-30 14:56:02,2024-01-30 15:17:02,21,13,15.76,COMPLETED
SESSION000483,USER2525,2024-01-30 16:43:26,2024-01-30 17:09:26,26,21,18.06,COMPLETED
SESSION000484,USER6536,2024-01-30 16:52:49,2024-01-30 17:30:49,38,18,9.06,COMPLETED
SESSION000485,USER8909,2024-01-30 17:29:41,2024-01-30 18:33:41,64,15,9.1,COMPLETED
SESSION000486,USER1507,2024-01-30 17:40:13,2024-01-30 17:44:13,4,16,3.0,COMPLETED
SESSION000487,USER8066,2024-01-30 20:45:45,2024-01-30 22:24:45,99,16,3.77,COMPLETED
SESSION000488,USER3703,2024-01-30 23:41:23,2024-01-30 23:41:23,0,7,0.94,FORCED_LOGOUT
SESSION000489,USER8113,2024-01-31 00:35:55,2024-01-31 00:55:55,20,12,10.16,COMPLETED
SESSION000490,USER3573,2024-01-31 02:13:28,2024-01-31 02:14:28,1,16,24.72,COMPLETED
SESSION000491,USER1877,2024-01-31 02:47:43,2024-01-31 03:09:43,22,12,17.92,TIMEOUT
SESSION000492,USER2659,2024-01-31 05:06:13,2024-01-31 05:39:13,33,19,2.74,COMPLETED
SESSION000493,USER6424,2024-01-31 05:32:34,2024-01-31 06:04:34,32,17,3.46,COMPLETED
SESSION000494,USER4367,2024-01-31 10:18:28,2024-01-31 10:26:28,8,18,16.5,TIMEOUT
SESSION000495,USER4112,2024-01-31 11:35:41,2024-01-31 12:21:41,46,13,7.75,COMPLETED
SESSION000496,USER7705,2024-01-31 14:11:10,2024-01-31 14:13:10,2,15,2.47,TIMEOUT
SESSION000497,USER9849,2024-01-31 14:43:29,2024-01-31 15:47:29,64,18,4.19,COMPLETED
SESSION000498,USER5346,2024-01-31 17:34:00,2024-01-31 19:45:00,131,17,0.19,COMPLETED
SESSION000499,USER5612,2024-01-31 19:17:56,2024-01-31 19:35:56,18,17,8.39,TIMEOUT
SESSION000500,USER5872,2024-01-31 19:40:19,2024-01-31 20:12:19,32,18,19.39,COMPLETED
